{
  "scale_method": "z_mu_sigma",
  "scale_params": {
    "mean_raw": 0.07113456953697408,
    "std_raw": 0.11084860867940148,
    "mu": 650.0,
    "sigma": 100.0,
    "clip": [
      0,
      900
    ]
  },
  "grading": {}
}