{
  "z_to_650_100": {
    "mean_raw": 0.07113456953697408,
    "std_raw": 0.11084860867940148,
    "target_mean": 650.0,
    "target_std": 100.0
  },
  "to_0_900": {
    "s650_min": 351.27268582197627,
    "s650_max": 1035.426848722214
  }
}